<?xml version="1.0" encoding="UTF-8"?>
<project-private xmlns="http://www.netbeans.org/ns/project-private/1">
    <editor-bookmarks xmlns="http://www.netbeans.org/ns/editor-bookmarks/2" lastBookmarkId="0"/>
    <open-files xmlns="http://www.netbeans.org/ns/projectui-open-files/2">
        <group>
            <file>file:/C:/Users/Michel%20Mendez/OneDrive/Documentos/NetBeansProjects/proyectoPatronesOriginalPrototype/src/formulario/products.java</file>
            <file>file:/C:/Users/Michel%20Mendez/OneDrive/Documentos/NetBeansProjects/proyectoPatronesOriginalPrototype/src/modelo/ModeloCliente.java</file>
            <file>file:/C:/Users/Michel%20Mendez/OneDrive/Documentos/NetBeansProjects/proyectoPatronesOriginalPrototype/src/modelo/ModeloProducto.java</file>
            <file>file:/C:/Users/Michel%20Mendez/OneDrive/Documentos/NetBeansProjects/proyectoPatronesOriginalPrototype/src/modelo/Prototype.java</file>
            <file>file:/C:/Users/Michel%20Mendez/OneDrive/Documentos/NetBeansProjects/proyectoPatronesOriginalPrototype/src/controlador/ControladorProducto.java</file>
            <file>file:/C:/Users/Michel%20Mendez/OneDrive/Documentos/NetBeansProjects/proyectoPatronesOriginalPrototype/src/formulario/clientes.java</file>
            <file>file:/C:/Users/Michel%20Mendez/OneDrive/Documentos/NetBeansProjects/proyectoPatronesOriginalPrototype/src/controlador/ControladorCliente.java</file>
        </group>
    </open-files>
</project-private>
