<?xml version="1.0" encoding="UTF-8"?>
<project-private xmlns="http://www.netbeans.org/ns/project-private/1">
    <editor-bookmarks xmlns="http://www.netbeans.org/ns/editor-bookmarks/2" lastBookmarkId="0"/>
    <open-files xmlns="http://www.netbeans.org/ns/projectui-open-files/2">
        <group>
            <file>file:/C:/Users/Garaudy/Downloads/proyectoPatronesOriginal/proyectoPatronesOriginal/src/Interprete/Nombre.java</file>
            <file>file:/C:/Users/Garaudy/Downloads/proyectoPatronesOriginal/proyectoPatronesOriginal/src/proyectopatrones/login.java</file>
            <file>file:/C:/Users/Garaudy/Downloads/proyectoPatronesOriginal/proyectoPatronesOriginal/src/Interprete/PrecioMenor.java</file>
            <file>file:/C:/Users/Garaudy/Downloads/proyectoPatronesOriginal/proyectoPatronesOriginal/src/Interprete/Analizador.java</file>
            <file>file:/C:/Users/Garaudy/Downloads/proyectoPatronesOriginal/proyectoPatronesOriginal/src/Interprete/And.java</file>
            <file>file:/C:/Users/Garaudy/Downloads/proyectoPatronesOriginal/proyectoPatronesOriginal/src/Interprete/Expresion.java</file>
            <file>file:/C:/Users/Garaudy/Downloads/proyectoPatronesOriginal/proyectoPatronesOriginal/src/Interprete/StockMayor.java</file>
            <file>file:/C:/Users/Garaudy/Downloads/proyectoPatronesOriginal/proyectoPatronesOriginal/src/Interprete/Or.java</file>
            <file>file:/C:/Users/Garaudy/Downloads/proyectoPatronesOriginal/proyectoPatronesOriginal/src/controlador/ControlAlquiler.java</file>
        </group>
    </open-files>
</project-private>
